{
    "name": "Oak-D S2 POE",
    "label": "oak-d-s2-poe",
    "setDefaultProfilePreset": "HIGH_ACCURACY",
    "FPS": 3,
    "mono_resolution": "720",
    "rgb_resolution": "4k",
    "laser_dot_brightness": 0,
    "lamp_brightness": 0,
    "auto_focus": false,
    "lens_position": 110,
    "lrcheck": true,
    "extended": false,
    "subpixel": true,
    "DeviceID": "",
    "color_int": {
        "height": 2160,
        "width": 3840,
        "ppx": 1883.66943359375,
        "ppy": 1066.80712890625,
        "fx": 3090.780029296875,
        "fy": 3090.780029296875,
        "coefs": [
            13.165946960449219,
            -143.69578552246094,
            -0.000931827409658581,
            0.0016324875177815557,
            520.001220703125,
            12.914322853088379,
            -141.68011474609375,
            512.6300048828125,
            0.0,
            0.0,
            0.0,
            0.0,
            0.0,
            0.0
        ]
    },
    "left_int": {
        "height": 720,
        "width": 1280,
        "ppx": 668.7652587890625,
        "ppy": 375.4041442871094,
        "fx": 801.9918823242188,
        "fy": 801.9918823242188,
        "coefs": [
            -11.243298530578613,
            99.27703857421875,
            0.0012486896011978388,
            0.0005536870448850095,
            -16.69706916809082,
            -11.259990692138672,
            98.4993667602539,
            -14.418289184570312,
            0.0,
            0.0,
            0.0,
            0.0,
            0.0,
            0.0
        ]
    },
    "right_int": {
        "height": 720,
        "width": 1280,
        "ppx": 642.353759765625,
        "ppy": 347.55963134765625,
        "fx": 801.633056640625,
        "fy": 801.633056640625,
        "coefs": [
            -7.84997034072876,
            72.27367401123047,
            0.0012783260317519307,
            -0.00013686835882253945,
            -27.50896453857422,
            -7.9016523361206055,
            71.90322875976562,
            -26.03539276123047,
            0.0,
            0.0,
            0.0,
            0.0,
            0.0,
            0.0
        ]
    },
    "left_right_ext": {
        "info": "Transformation matrix of where left Camera is W.R.T right Camera's optical center",
        "data": [
            [
                0.9999921321868896,
                -0.0010727276094257832,
                0.003826010273769498,
                -7.487584114074707
            ],
            [
                0.0010711512295529246,
                0.9999993443489075,
                0.0004140223318245262,
                0.0005048903403803706
            ],
            [
                -0.0038264517206698656,
                -0.0004099208163097501,
                0.9999926090240479,
                0.022732093930244446
            ],
            [
                0.0,
                0.0,
                0.0,
                1.0
            ]
        ]
    },
    "left_rgb_ext": {
        "info": "Transformation matrix of where left Camera is W.R.T RGB Camera's optical center",
        "data": [
            [
                0.9999352693557739,
                -0.011379038915038109,
                0.00012014014646410942,
                -3.797696828842163
            ],
            [
                0.011376810260117054,
                0.9998648166656494,
                0.01187218725681305,
                0.04998565465211868
            ],
            [
                -0.0002552177757024765,
                -0.011870051734149456,
                0.9999294877052307,
                -0.17472989857196808
            ],
            [
                0.0,
                0.0,
                0.0,
                1.0
            ]
        ]
    }
}
